Reference,Title,URL
Barr2015,Subdiffusive motion of bacteriophage in mucosal surfaces increases the frequency of bacterial encounters,https://www.pnas.org/doi/pdf/10.1073/pnas.1508355112
Kim 2019,"Isolation and characterisation of pVa-21, a giant bacteriophage with anti-biofilm potential against Vibrio alginolyticus",https://www.nature.com/articles/s41598-019-42681-1.pdf
Namonyo 2023,The effectiveness and role of phages in the disruption and inactivation of clinical P. aeruginosa biofilms,https://www.sciencedirect.com/science/article/pii/S0013935123013907
Koonjan 2021,"Infection Kinetics and Phylogenetic Analysis of vB_EcoD_SU57, a Virulent T1-Like Drexlerviridae Coliphage",https://www.frontiersin.org/journals/microbiology/articles/10.3389/fmicb.2020.565556/pdf
Levisohn 1987,Isolation and Characterization of a Generalized Transducing Phage for the,https://www.researchgate.net/profile/Kenneth-Nealson-2/publication/247609319_Isolation_and_Characterization_of_a_Generalized_Transducing_Phage_for_the_Marine_Luminous_Bacterium_Vibrio_fischeri_MJ1/links/56859a0c08aebccc4e1184f8/Isolation-and-Characterization-of-a-Generalized-Transducing-Phage-for-the-Marine-Luminous-Bacterium-Vibrio-fischeri-MJ1.pdf
Mann 2003,Phages of the marine cyanobacterial picophytoplankton,https://academic.oup.com/femsre/article-pdf/27/1/17/18125987/27-1-17.pdf
Moldovan 2007,On The Kinetics of Phage Adsorption,https://www.cell.com/fulltext/S0006-3495(07)71283-3
Niu 2022,Isolation and characterization of two homolog phages infecting ï»¿Pseudomonas aeruginosaï»¿,https://www.frontiersin.org/journals/microbiology/articles/10.3389/fmicb.2022.946251/pdf
Jamal 2014,Characterization of new Myoviridae bacteriophage WZ1 against multi-drug resistant (MDR) Shigella dysenteriae,https://d1wqtxts1xzle7.cloudfront.net/95032783/jobm.20140068820221129-1-1cn5e85-libre.pdf?1669744223=&response-content-disposition=inline%3B+filename%https://www.academia.edu/download/95032783/jobm.20140068820221129-1-1cn5e85.pdf~5zjuVcY-tZrZur-q-k-d-7TH3Yt4mz87c450jI5a7HH0rIeW2hQeNqwFqZCyiKp3GTjre66Y1uQRlIVFWhWrBtI7rVSnCBzCUC5g3SVTfZzKxG4nG9kDvRJejLI1gRH8TQerJGfbe12~uqf1EqKnjKXJV6Rvc15kSqqEWAMRkJPDEFTZfTZyl5LGTO4ngMGMX0mtLTA7ghhpq5ix0eXUPQqUQGFh9dZeQKODBhhqTzmq-zhOw9yJOk4FEuNC84b3PZktgiv9qt9W1tTuKA__&Key-Pair-Id=APKAJLOHF5GGSLRBV4ZA
Abedon 2023,"Bacteriophage Adsorption: Likelihood of Virion Encounter
with Bacteria and Other Factors Affecting Rates",https://pmc.ncbi.nlm.nih.gov/articles/PMC10135360/pdf/antibiotics-12-00723.pdf
Shao_Wang 2008,Bacteriophage Adsorption Rate and Optimal Lysis Time,https://pmc.ncbi.nlm.nih.gov/articles/PMC2535697/pdf/GEN1801471.pdf
Sillankorva 2008,"Isolation and characterization of a T7-like lytic phage for
Pseudomonas fluorescens",https://link.springer.com/content/pdf/10.1186/1472-6750-8-80.pdf
Stoddard 2007,Selection and Characterization of Cyanophage Resistance in Marine Synechococcus Strains,https://journals.asm.org/doi/pdf/10.1128/aem.00356-07
Storms 2010,"See discussions, st ats, and author pr ofiles f or this public ation at : https://www .researchgate.ne t/public ation/40908938",https://www.researchgate.net/profile/Dominic-Sauvageau/publication/40908938_Bacteriophage_adsorption_efficiency_and_its_effect_on_amplification/links/544609130cf2d62c304d8f88/Bacteriophage-adsorption-efficiency-and-its-effect-on-amplification.pdf
Storms 2015,Modeling tailed bacteriophage adsorption: Insight into mechanisms,https://pdf.sciencedirectassets.com/272412/1-s2.0-S0042682215X00092/1-s2.0-S0042682215003530/main.pdf?X-Amz-Security-Token=IQoJb3JpZ2luX2VjEBMaCXVzLWVhc3QtMSJHMEUCIQDpaZPuYdU2z2racXqkSGC6Ya3UfVbpAob1uVl2x%2B3k7wIgF%2BkqZ8RHzN7SM2LK%2F2X9XuL78oXqugCeTWhXOTtBmUIquwUIzP%2F%2F%2F%2F%2F%2F%2F%2F%2F%2FARAFGgwwNTkwMDM1NDY4NjUiDNZJc86cMmsBJgjvCCqPBW1FY8sz99WgC63bJ%2BM2zTj1Zt%2BUBigf%2FuFsKVOrSa5qExA9d%2Fn0SVWfm4RHRsdzg6IO9wOkSqm6hSCf%2Bccpy7Q62kuvs0RUSRlOnLn1O5RTysVq2yFMQv3T9PowGSKK8AEYSQngl46jqYTgTBR44QAc7OfQuJi83DyXTKZ6UwD7VQU8dARuqzZji6Iqrt3jZm3SIsCQ5izEbcZ8bRnFlPVA9ykQ9OJmDBLCOLOhbf5x2lCD97yluBejjcF2kHPZ7M6bacDOVnTqvlcxP%2FAzCjszeCkFG%2Bhk%2BBmYqnBZNkSFQgOp0mL0O9%2B%2BdygvTNYnduNJ9RCP0D7%2FpIXcSC0ZfWhKWlQ5hG9LEOclsxJ9qHkk0n%2BCyadBY9Es6aIm9oZeDBY6n5HtIdSp3dnBvjx2JmCP3TevfDvz9p1qjflVckXkKH4KnXw1nGfPLp0k7YEY8hRYAzeMInPgMARYRh7iIiz2U4vSvF9EsFvnkTJJH5mNOenKtj9olwR7%2FnnNiZtzkFe%2BmxWbhs6YsjOyCwLnweSIdEL%2FOVp7v%2B%2F2SfRlMiWGbOyJ8W4NNM9hPD41SQeOPf5OAgem%2FC3BZXB9OP8K5yGD%2FyJWY7LGPWWgbh%2BGzV9%2B314jhWuPLecK%2FR5EJvWtS1IhXw17%2BBY%2FGk6aTr90%2FindsktU%2FDFk%2Bjjc9Uo0DjcdwgbWcml2sLD4X6gz8OuU%2FaE5bHmea6WbdK52A5UdaDXXjRnXKHxVOuoCa%2FZqg55X5QRepi%2FrM7EpxmRFS%2BN8VXsdF6rBZULel0VzpAzrdYm2ocKKBbeMcP38qTjYgFZ1ZTWnsAcpmezS5qz6Doq6uQ9R6wCWeIxkuWH2MTDyuQhvVdDgbui4AYtcgi4O2%2FIw94KGyAY6sQGAskcXs3boCCPNC47iPtpWXY%2Fo1xTeJ39KhntJQQJ6GOfqdwGKd2Yl6jIWxpfFn72zoDdbYciPq7ynw4ije4mDy638W4566E9Fk%2BROUSvu9voeEy0%2BcBohQXFl1ded%2FnyK%2BhouoJRZxDsXcV4ZOUBtNSAqqS36Aj%2FBNowB8g7CxCA6Xjj%2B1qu3iTKT%2BjOnVuX8KeCH4CVnjB1jREiBsJhi4hYU%2BoMkcU5oiAH7t9%2Bw9vI%3D&X-Amz-Algorithm=AWS4-HMAC-SHA256&X-Amz-Date=20251029T035620Z&X-Amz-SignedHeaders=host&X-Amz-Expires=300&X-Amz-Credential=ASIAQ3PHCVTYREGJT2TR%2F20251029%2Fus-east-1%2Fs3%2Faws4_request&X-Amz-Signature=65bdfcfa31a92da9bee2cbca1c7fd57d331bd7c32e0a3dd9303c0b51f8ff3ba9&hash=c820c0df995b488420d59939a134e26c1498adbca8771c714c1833d47cdb612d&host=68042c943591013ac2b2430a89b270f6af2c76d8dfd086a07176afe7c76c2c61&pii=S0042682215003530&tid=spdf-d8468c83-7f4f-4a6a-bdc2-6f5aa01a4d42&sid=619fe7ee66ec79437a4bc614566091bdda5cgxrqa&type=client&tsoh=d3d3LnNjaWVuY2VkaXJlY3QuY29t&rh=d3d3LnNjaWVuY2VkaXJlY3QuY29t&ua=0f175c5a5a080d025251&rr=995fbe1398baa682&cc=us
Suttle_and_Chan 1993," Marine cyanophages infecting oceanic and coastal strains of Synechococcus: abundance,. morphology, cross-infectivity and growth characteristics",https://web.archive.org/web/20180602171834id_/https://www.int-res.com/articles/meps/92/m092p099.pdf
Thammatinna 2023,Nucleus?forming vibriophage cocktail reduces shrimp mortality in the presence of pathogenic bacteria,https://www.nature.com/articles/s41598-023-44840-x.pdf
Xu 2021,"Molecular characteristics of novel phage vB_ShiP-A7 infecting multidrug-resistant Shigella flexneri and Escherichia coli, and its bactericidal effect in vitro and in vivo",https://www.frontiersin.org/journals/microbiology/articles/10.3389/fmicb.2021.698962/pdf
Yang 2022,Characterization of the Novel Phage vB_VpaP_FE11 and Its Potential Role in Controlling Vibrio parahaemolyticus Biofilms,https://pdfs.semanticscholar.org/a69b/0ad7aba979f2a58afa1e2a7292b5da2d7331.pdf
Zhang 2016,Polar flagella rotation in Vibrio parahaemolyticus confers resistance to bacteriophage infection,https://www.nature.com/articles/srep26147.pdf
Puck 1950,The Mechanism of Virus Attachment to Host Cells ,https://pdfs.semanticscholar.org/9785/fc988eb64b633336345a537f97a0f0567856.pdf
